INSERT INTO eyeru (s,s,s) VALUES ('Pattin,Pattin,Pattin,Pattin,Pattin,Pattin');
INSERT INTO eyeru (s,s,s) VALUES ('Wrennie,Wrennie,Wrennie,Wrennie,Wrennie,Wrennie');
INSERT INTO eyeru (s,s,s) VALUES ('Collete,Collete,Collete,Collete,Collete,Collete');
INSERT INTO eyeru (s,s,s) VALUES ('Becki,Becki,Becki,Becki,Becki,Becki');
INSERT INTO eyeru (s,s,s) VALUES ('Cosme,Cosme,Cosme,Cosme,Cosme,Cosme');
INSERT INTO eyeru (s,s,s) VALUES ('Jenica,Jenica,Jenica,Jenica,Jenica,Jenica');
INSERT INTO eyeru (s,s,s) VALUES ('Mac,Mac,Mac,Mac,Mac,Mac');
INSERT INTO eyeru (s,s,s) VALUES ('Randy,Randy,Randy,Randy,Randy,Randy');
INSERT INTO eyeru (s,s,s) VALUES ('Kennith,Kennith,Kennith,Kennith,Kennith,Kennith');
INSERT INTO eyeru (s,s,s) VALUES ('Hedwiga,Hedwiga,Hedwiga,Hedwiga,Hedwiga,Hedwiga');
INSERT INTO eyeru (s,s,s) VALUES ('Howie,Howie,Howie,Howie,Howie,Howie');
INSERT INTO eyeru (s,s,s) VALUES ('Dani,Dani,Dani,Dani,Dani,Dani');
INSERT INTO eyeru (s,s,s) VALUES ('Starlene,Starlene,Starlene,Starlene,Starlene,Starlene');
INSERT INTO eyeru (s,s,s) VALUES ('Cleavland,Cleavland,Cleavland,Cleavland,Cleavland,Cleavland');
INSERT INTO eyeru (s,s,s) VALUES ('Balduin,Balduin,Balduin,Balduin,Balduin,Balduin');
INSERT INTO eyeru (s,s,s) VALUES ('Salim,Salim,Salim,Salim,Salim,Salim');
INSERT INTO eyeru (s,s,s) VALUES ('Weston,Weston,Weston,Weston,Weston,Weston');
INSERT INTO eyeru (s,s,s) VALUES ('Anatole,Anatole,Anatole,Anatole,Anatole,Anatole');
INSERT INTO eyeru (s,s,s) VALUES ('Sharia,Sharia,Sharia,Sharia,Sharia,Sharia');
INSERT INTO eyeru (s,s,s) VALUES ('Jeannette,Jeannette,Jeannette,Jeannette,Jeannette,Jeannette');
INSERT INTO eyeru (s,s,s) VALUES ('Freddy,Freddy,Freddy,Freddy,Freddy,Freddy');
INSERT INTO eyeru (s,s,s) VALUES ('Baxie,Baxie,Baxie,Baxie,Baxie,Baxie');
INSERT INTO eyeru (s,s,s) VALUES ('Ana,Ana,Ana,Ana,Ana,Ana');
INSERT INTO  (s,s,s) VALUES ('Pattin,Pattin,Pattin');
INSERT INTO  (s,s,s) VALUES ('Wrennie,Wrennie,Wrennie');
INSERT INTO  (s,s,s) VALUES ('Pattin,Pattin,Pattin,Pattin,Pattin,Pattin');
INSERT INTO  (s,s,s) VALUES ('Wrennie,Wrennie,Wrennie,Wrennie,Wrennie,Wrennie');
INSERT INTO test (s,s,s) VALUES ('Pattin,Pattin,Pattin');
INSERT INTO test (s,s,s) VALUES ('Wrennie,Wrennie,Wrennie');
INSERT INTO  (s,s,s) VALUES ('Pattin,Pattin,Pattin');
INSERT INTO  (s,s,s) VALUES ('Wrennie,Wrennie,Wrennie');
INSERT INTO  (s,s,s) VALUES ('Collete,Collete,Collete');
INSERT INTO  (s,s,s) VALUES ('Becki,Becki,Becki');
INSERT INTO  (s,s,s) VALUES ('Cosme,Cosme,Cosme');
INSERT INTO  (s,s,s) VALUES ('Jenica,Jenica,Jenica');
INSERT INTO  (s,s,s) VALUES ('Mac,Mac,Mac');
INSERT INTO  (s,s,s) VALUES ('Randy,Randy,Randy');
INSERT INTO  (s,s,s) VALUES ('Kennith,Kennith,Kennith');
INSERT INTO  (s,s,s) VALUES ('Hedwiga,Hedwiga,Hedwiga');
INSERT INTO  (s,s,s) VALUES ('Howie,Howie,Howie');
INSERT INTO  (s,s,s) VALUES ('Dani,Dani,Dani');
INSERT INTO  (s,s,s) VALUES ('Starlene,Starlene,Starlene');
INSERT INTO  (s,s,s) VALUES ('Cleavland,Cleavland,Cleavland');
INSERT INTO  (s,s,s) VALUES ('Balduin,Balduin,Balduin');
INSERT INTO  (s,s,s) VALUES ('Salim,Salim,Salim');
INSERT INTO  (s,s,s) VALUES ('Weston,Weston,Weston');
INSERT INTO  (s,s,s) VALUES ('Anatole,Anatole,Anatole');
INSERT INTO  (s,s,s) VALUES ('Sharia,Sharia,Sharia');
INSERT INTO  (s,s,s) VALUES ('Jeannette,Jeannette,Jeannette');
INSERT INTO  (s,s,s) VALUES ('Freddy,Freddy,Freddy');
INSERT INTO  (s,s,s) VALUES ('Baxie,Baxie,Baxie');
INSERT INTO  (s,s,s) VALUES ('Ana,Ana,Ana');
INSERT INTO  (s,s,s) VALUES ('Bobby,Bobby,Bobby');
INSERT INTO  (s,s,s) VALUES ('Paxon,Paxon,Paxon');
INSERT INTO  (s,s,s) VALUES ('Kirbie,Kirbie,Kirbie');
INSERT INTO  (s,s,s) VALUES ('Sibeal,Sibeal,Sibeal');
INSERT INTO  (s,s,s) VALUES ('Fifi,Fifi,Fifi');
INSERT INTO  (s,s,s) VALUES ('Merci,Merci,Merci');
INSERT INTO  (s,s,s) VALUES ('Russ,Russ,Russ');
INSERT INTO  (s,s,s) VALUES ('Marie-jeanne,Marie-jeanne,Marie-jeanne');
INSERT INTO  (s,s,s) VALUES ('Tedie,Tedie,Tedie');
INSERT INTO  (s,s,s) VALUES ('Eryn,Eryn,Eryn');
INSERT INTO  (s,s,s) VALUES ('Dex,Dex,Dex');
INSERT INTO  (s,s,s) VALUES ('Dell,Dell,Dell');
INSERT INTO  (s,s,s) VALUES ('Melly,Melly,Melly');
INSERT INTO  (s,s,s) VALUES ('Winnie,Winnie,Winnie');
INSERT INTO  (s,s,s) VALUES ('Angelika,Angelika,Angelika');
INSERT INTO  (s,s,s) VALUES ('Brockie,Brockie,Brockie');
INSERT INTO  (s,s,s) VALUES ('Avram,Avram,Avram');
INSERT INTO  (s,s,s) VALUES ('Nanice,Nanice,Nanice');
INSERT INTO  (s,s,s) VALUES ('Aaron,Aaron,Aaron');
INSERT INTO  (s,s,s) VALUES ('Beryl,Beryl,Beryl');
INSERT INTO  (s,s,s) VALUES ('Millisent,Millisent,Millisent');
INSERT INTO  (s,s,s) VALUES ('Seline,Seline,Seline');
INSERT INTO  (s,s,s) VALUES ('Travis,Travis,Travis');
INSERT INTO  (s,s,s) VALUES ('Hillel,Hillel,Hillel');
INSERT INTO  (s,s,s) VALUES ('Eve,Eve,Eve');
INSERT INTO  (s,s,s) VALUES ('Wilhelmina,Wilhelmina,Wilhelmina');
INSERT INTO  (s,s,s) VALUES ('Oliy,Oliy,Oliy');
INSERT INTO  (s,s,s) VALUES ('Roch,Roch,Roch');
INSERT INTO  (s,s,s) VALUES ('Pauly,Pauly,Pauly');
INSERT INTO  (s,s,s) VALUES ('Stevie,Stevie,Stevie');
INSERT INTO  (s,s,s) VALUES ('Silvia,Silvia,Silvia');
INSERT INTO  (s,s,s) VALUES ('Geno,Geno,Geno');
INSERT INTO  (s,s,s) VALUES ('Maurita,Maurita,Maurita');
INSERT INTO  (s,s,s) VALUES ('Philippe,Philippe,Philippe');
INSERT INTO  (s,s,s) VALUES ('Filmore,Filmore,Filmore');
INSERT INTO  (s,s,s) VALUES ('Dael,Dael,Dael');
INSERT INTO  (s,s,s) VALUES ('Darn,Darn,Darn');
INSERT INTO  (s,s,s) VALUES ('Fielding,Fielding,Fielding');
INSERT INTO  (s,s,s) VALUES ('Arny,Arny,Arny');
INSERT INTO  (s,s,s) VALUES ('Marlane,Marlane,Marlane');
INSERT INTO  (s,s,s) VALUES ('Ernst,Ernst,Ernst');
INSERT INTO  (s,s,s) VALUES ('Biddy,Biddy,Biddy');
INSERT INTO  (s,s,s) VALUES ('Jonas,Jonas,Jonas');
INSERT INTO  (s,s,s) VALUES ('Jade,Jade,Jade');
INSERT INTO  (s,s,s) VALUES ('Cornie,Cornie,Cornie');
INSERT INTO  (s,s,s) VALUES ('Farrand,Farrand,Farrand');
INSERT INTO  (s,s,s) VALUES ('Geri,Geri,Geri');
INSERT INTO  (s,s,s) VALUES ('Lucretia,Lucretia,Lucretia');
INSERT INTO  (s,s,s) VALUES ('Judon,Judon,Judon');
INSERT INTO  (s,s,s) VALUES ('Bartholomew,Bartholomew,Bartholomew');
INSERT INTO  (s,s,s) VALUES ('Ibby,Ibby,Ibby');
INSERT INTO  (s,s,s) VALUES ('Ignacius,Ignacius,Ignacius');
INSERT INTO  (s,s,s) VALUES ('Manuel,Manuel,Manuel');
INSERT INTO  (s,s,s) VALUES ('Baird,Baird,Baird');
INSERT INTO  (s,s,s) VALUES ('Adolph,Adolph,Adolph');
INSERT INTO  (s,s,s) VALUES ('Huberto,Huberto,Huberto');
INSERT INTO  (s,s,s) VALUES ('Kenon,Kenon,Kenon');
INSERT INTO  (s,s,s) VALUES ('Daune,Daune,Daune');
INSERT INTO  (s,s,s) VALUES ('Husain,Husain,Husain');
INSERT INTO  (s,s,s) VALUES ('Felike,Felike,Felike');
INSERT INTO  (s,s,s) VALUES ('Carmel,Carmel,Carmel');
INSERT INTO  (s,s,s) VALUES ('Rosina,Rosina,Rosina');
INSERT INTO  (s,s,s) VALUES ('Gavin,Gavin,Gavin');
INSERT INTO  (s,s,s) VALUES ('Mariya,Mariya,Mariya');
INSERT INTO  (s,s,s) VALUES ('Madelin,Madelin,Madelin');
INSERT INTO  (s,s,s) VALUES ('Georgie,Georgie,Georgie');
INSERT INTO  (s,s,s) VALUES ('Barbey,Barbey,Barbey');
INSERT INTO  (s,s,s) VALUES ('Samuele,Samuele,Samuele');
INSERT INTO  (s,s,s) VALUES ('Theodoric,Theodoric,Theodoric');
INSERT INTO  (s,s,s) VALUES ('Bobbette,Bobbette,Bobbette');
INSERT INTO  (s,s,s) VALUES ('Lammond,Lammond,Lammond');
INSERT INTO  (s,s,s) VALUES ('Arden,Arden,Arden');
INSERT INTO  (s,s,s) VALUES ('Adella,Adella,Adella');
INSERT INTO  (s,s,s) VALUES ('Blinni,Blinni,Blinni');
INSERT INTO  (s,s,s) VALUES ('Winne,Winne,Winne');
INSERT INTO  (s,s,s) VALUES ('Zelig,Zelig,Zelig');
INSERT INTO  (s,s,s) VALUES ('Sherlock,Sherlock,Sherlock');
INSERT INTO test (s,s,s) VALUES ('Pattin,Pattin,Pattin');
INSERT INTO test (s,s,s) VALUES ('Wrennie,Wrennie,Wrennie');
INSERT INTO test (s,s,s) VALUES ('Collete,Collete,Collete');
INSERT INTO test (s,s,s) VALUES ('Becki,Becki,Becki');
INSERT INTO test (s,s,s) VALUES ('Cosme,Cosme,Cosme');
INSERT INTO test (s,s,s) VALUES ('Jenica,Jenica,Jenica');
INSERT INTO test (s,s,s) VALUES ('Mac,Mac,Mac');
INSERT INTO test (s,s,s) VALUES ('Randy,Randy,Randy');
INSERT INTO test (s,s,s) VALUES ('Kennith,Kennith,Kennith');
INSERT INTO test (s,s,s) VALUES ('Hedwiga,Hedwiga,Hedwiga');
INSERT INTO test (s,s,s) VALUES ('Howie,Howie,Howie');
INSERT INTO test (s,s,s) VALUES ('Dani,Dani,Dani');
INSERT INTO test (s,s,s) VALUES ('Starlene,Starlene,Starlene');
INSERT INTO test (s,s,s) VALUES ('Cleavland,Cleavland,Cleavland');
INSERT INTO test (s,s,s) VALUES ('Balduin,Balduin,Balduin');
INSERT INTO test (s,s,s) VALUES ('Salim,Salim,Salim');
INSERT INTO test (s,s,s) VALUES ('Weston,Weston,Weston');
INSERT INTO test (s,s,s) VALUES ('Anatole,Anatole,Anatole');
INSERT INTO test (s,s,s) VALUES ('Sharia,Sharia,Sharia');
INSERT INTO test (s,s,s) VALUES ('Jeannette,Jeannette,Jeannette');
INSERT INTO test (s,s,s) VALUES ('Freddy,Freddy,Freddy');
INSERT INTO test (s,s,s) VALUES ('Baxie,Baxie,Baxie');
INSERT INTO test (s,s,s) VALUES ('Ana,Ana,Ana');
